dataset,horizon,class_id,class_name,n,fraction,majority_class,majority_accuracy
fi2010,10,0,up,21127,0.15146105758201422,stationary,0.7068851800871759
fi2010,10,1,stationary,98602,0.7068851800871759,stationary,0.7068851800871759
fi2010,10,2,down,19759,0.1416537623308098,stationary,0.7068851800871759
fi2010,20,0,up,27425,0.1966118949300298,stationary,0.6207559073181922
fi2010,20,1,stationary,86588,0.6207559073181922,stationary,0.6207559073181922
fi2010,20,2,down,25475,0.18263219775177794,stationary,0.6207559073181922
fi2010,50,0,up,38408,0.2753498508832301,stationary,0.47313030511585225
fi2010,50,1,stationary,65996,0.47313030511585225,stationary,0.47313030511585225
fi2010,50,2,down,35084,0.25151984400091765,stationary,0.47313030511585225
